nombre;correo;edad;profesión;vip
María López;maria.lopez@email.com;29;empleado;true
Juan Pérez;juan.perez@email.com;36;empleado;false
Ana Martínez;ana.martinez@email.com;22;estudiante;false
Carlos Rodríguez;carlos.rodriguez@email.com;34;empleado;true
Sofía Gómez;sofia.gomez@email.com;26;estudiante;false
Miguel Fernández;miguel.fernandez@email.com;39;empleado;true
Laura Gutiérrez;laura.gutierrez@email.com;25;estudiante;false
Ángel Rojas;angel.rojas@email.com;32;empleado;true
Pedro Ramírez;pedro.ramirez@email.com;46;desempleado;false
Lucía Torres;lucia.torres@email.com;27;empleado;false
